date,newCases,cumCases,newTests,cumTests,newDeaths,cumDeaths,newVaccinated,cumVaccinated,newAdmissions,cumAdmissions,FTSE Open,FTSE Close,FTSE High,FTSE Low,FTSE Volume,maxTemp,minTemp,rain,sun,U.S. cases,U.S. deaths,Central England Temp,HadCET
21/1/20,0,0,,,0,0,0,0,,,,,,,,10.1,4.2,109,53.3,1,0,3.4,34
22/1/20,0,0,,,0,0,0,0,,,,,,,,10.1,4.2,109,53.3,1,0,4.7,47
23/1/20,0,0,,,0,0,0,0,,,,,,,,10.1,4.2,109,53.3,1,0,6.3,63
24/1/20,0,0,,,0,0,0,0,,,,,,,,10.1,4.2,109,53.3,2,0,5.9,59
25/1/20,0,0,,,0,0,0,0,,,,,,,,10.1,4.2,109,53.3,3,0,6.1,61
26/1/20,0,0,,,0,0,0,0,,,,,,,,10.1,4.2,109,53.3,5,0,7,70
27/1/20,0,0,,,0,0,0,0,,,,,,,,10.1,4.2,109,53.3,5,0,5.9,59
28/1/20,0,0,,,0,0,0,0,,,,,,,,10.1,4.2,109,53.3,5,0,4.1,41
29/1/20,0,0,,,0,0,0,0,,,,,,,,10.1,4.2,109,53.3,5,0,5.6,56
30/1/20,0,0,,,1,1,0,0,,,7483.57,7381.96,7483.57,7357.62,672044352,10.1,4.2,109,53.3,6,0,7.6,76
31/1/20,2,2,,,0,1,0,0,,,7381.96,7286.01,7398.34,7275.03,680623424,10.1,4.2,109,53.3,7,0,9.4,94
1/2/20,0,2,,,0,1,0,0,,,,,,,,11,4.3,130.6,69.1,8,0,9.1,91
2/2/20,0,2,,,1,2,0,0,,,,,,,,11,4.3,130.6,69.1,11,0,8.2,82
3/2/20,0,2,,,0,2,0,0,,,7286.01,7326.31,7359.98,7285.16,625059776,11,4.3,130.6,69.1,11,0,7.7,77
4/2/20,0,2,,,0,2,0,0,,,7326.31,7439.82,7442.08,7326.31,647326656,11,4.3,130.6,69.1,11,0,6.2,62
5/2/20,0,2,,,0,2,0,0,,,7439.82,7482.48,7512.41,7408.45,782508352,11,4.3,130.6,69.1,12,0,4.6,46
6/2/20,1,3,,,0,2,0,0,,,7482.48,7504.79,7533.57,7482.48,649856512,11,4.3,130.6,69.1,12,0,3.8,38
7/2/20,0,3,,,0,2,0,0,,,7504.79,7466.7,7506.26,7441.14,652801600,11,4.3,130.6,69.1,12,0,4.8,48
8/2/20,0,3,,,0,2,0,0,,,,,,,,11,4.3,130.6,69.1,12,0,6.4,64
9/2/20,1,4,,,0,2,0,0,,,,,,,,11,4.3,130.6,69.1,12,0,8.7,87
10/2/20,4,8,,,0,2,0,0,,,7466.7,7446.88,7466.7,7427.85,563649664,11,4.3,130.6,69.1,13,0,5.9,59
11/2/20,0,8,,,0,2,0,0,,,7446.88,7499.44,7529.54,7446.88,678217280,11,4.3,130.6,69.1,13,0,4.4,44
12/2/20,0,8,,,0,2,0,0,,,7499.44,7534.37,7547.65,7499.01,550373824,11,4.3,130.6,69.1,14,0,4.7,47
13/2/20,1,9,,,0,2,0,0,,,7534.37,7452.03,7534.37,7406.94,765546624,11,4.3,130.6,69.1,15,0,5.9,59
14/2/20,0,9,,,0,2,0,0,,,7452.03,7409.13,7472.85,7403.69,613055552,11,4.3,130.6,69.1,15,0,5.9,59
15/2/20,0,9,,,0,2,0,0,,,,,,,,11,4.3,130.6,69.1,15,0,8.3,83
16/2/20,0,9,,,0,2,0,0,,,,,,,,11,4.3,130.6,69.1,15,0,8.2,82
17/2/20,0,9,,,0,2,0,0,,,7409.13,7433.25,7449.95,7409.13,391946880,11,4.3,130.6,69.1,25,0,7,70
18/2/20,0,9,,,0,2,0,0,,,7433.25,7382.01,7433.25,7353.41,690549376,11,4.3,130.6,69.1,25,0,5.8,58
19/2/20,0,9,,,0,2,0,0,,,7382.01,7457.02,7462.01,7382.01,559936256,11,4.3,130.6,69.1,25,0,6,60
20/2/20,0,9,,,0,2,0,0,,,7457.02,7436.64,7480.49,7436.64,733958528,11,4.3,130.6,69.1,27,0,6.7,67
21/2/20,0,9,,,0,2,0,0,,,7436.64,7403.92,7436.7,7370.63,769009792,11,4.3,130.6,69.1,30,0,6.7,67
22/2/20,0,9,,,1,3,0,0,,,,,,,,11,4.3,130.6,69.1,30,0,8.4,84
23/2/20,0,9,,,0,3,0,0,,,,,,,,11,4.3,130.6,69.1,30,0,8.6,86
24/2/20,4,13,,,0,3,0,0,,,7403.92,7156.83,7403.92,7114.45,1061550784,11,4.3,130.6,69.1,43,0,7.2,72
25/2/20,0,13,,,0,3,0,0,,,7156.83,7017.88,7198.23,7004.94,914785088,11,4.3,130.6,69.1,45,0,5,50
26/2/20,0,13,,,0,3,0,0,,,7017.88,7042.47,7044.66,6871.85,968162944,11,4.3,130.6,69.1,60,0,4.1,41
27/2/20,0,13,,,0,3,0,0,,,7042.47,6796.4,7042.47,6729.99,1212910976,11,4.3,130.6,69.1,60,0,3.8,38
28/2/20,6,19,,,0,3,0,0,,,6796.4,6580.61,6796.4,6460.08,1967786368,11,4.3,130.6,69.1,65,0,5.7,57
29/2/20,4,23,,,0,3,0,0,,,,,,,,11,4.3,130.6,69.1,70,1,5.1,51
1/3/20,12,35,,,0,3,0,0,,,,,,,,11.7,3.5,54.6,157.7,88,3,5.4,54
2/3/20,5,40,,,1,4,0,0,,,6580.61,6654.89,6775.18,6496.01,1725714432,11.7,3.5,54.6,157.7,104,6,4.8,48
3/3/20,11,51,,,0,4,0,0,,,6654.89,6718.2,6846.28,6654.89,1214470528,11.7,3.5,54.6,157.7,125,10,4.8,48
4/3/20,34,85,,,1,5,0,0,,,6718.2,6815.59,6856.27,6700.23,1082839680,11.7,3.5,54.6,157.7,161,12,4.2,42
5/3/20,29,114,,,2,7,0,0,,,6815.59,6705.43,6834.12,6662.61,1120076928,11.7,3.5,54.6,157.7,228,12,4.5,45
6/3/20,46,160,,,2,9,0,0,,,6705.43,6462.55,6705.43,6431.44,1249399040,11.7,3.5,54.6,157.7,311,15,4,40
7/3/20,46,206,,,0,9,0,0,,,,,,,,11.7,3.5,54.6,157.7,428,19,6.4,64
8/3/20,65,271,,,2,11,0,0,,,,,,,,11.7,3.5,54.6,157.7,547,22,8.9,89
9/3/20,50,321,,,5,16,0,0,,,6462.55,5965.77,6462.55,5891.56,2057264000,11.7,3.5,54.6,157.7,748,26,8,80
10/3/20,52,373,,,3,19,0,0,,,5965.77,5960.23,6231.06,5927.85,1673530112,11.7,3.5,54.6,157.7,1018,31,9.5,95
11/3/20,83,456,,,7,26,0,0,,,5960.23,5876.52,6088.5,5860.75,1477612544,11.7,3.5,54.6,157.7,1263,37,8.9,89
12/3/20,134,590,,,13,39,0,0,,,5876.52,5237.48,5876.52,5237.48,2197411840,11.7,3.5,54.6,157.7,1668,43,6,60
13/3/20,207,797,,,16,55,0,0,,,5237.48,5366.11,5696.48,5237.48,1905324160,11.7,3.5,54.6,157.7,2224,50,7.6,76
14/3/20,264,1061,,,21,76,0,0,,,,,,,,11.7,3.5,54.6,157.7,2898,60,8.4,84
15/3/20,330,1391,,,31,107,0,0,,,,,,,,11.7,3.5,54.6,157.7,3600,68,8.3,83
16/3/20,152,1543,,,50,157,0,0,,,5366.11,5151.08,5366.11,4898.79,2058321024,11.7,3.5,54.6,157.7,4507,91,6.8,68
17/3/20,407,1950,,,58,215,0,0,,,5151.08,5294.9,5308.95,4978.84,1842474752,11.7,3.5,54.6,157.7,5906,117,9.2,92
18/3/20,676,2626,,,73,288,0,0,,,5294.9,5080.58,5294.9,5006.2,1791793152,11.7,3.5,54.6,157.7,8350,162,9.2,92
19/3/20,643,3269,,,79,367,0,0,,,5080.58,5151.61,5181.04,4942.37,1870725120,11.7,3.5,54.6,157.7,12393,212,5.6,56
20/3/20,714,3983,,,118,485,0,0,,,5151.61,5190.78,5419.3,5151.61,2446991616,11.7,3.5,54.6,157.7,18012,277,6.7,67
21/3/20,1035,5018,,,143,628,0,0,,,,,,,,11.7,3.5,54.6,157.7,24528,360,5.9,59
22/3/20,665,5683,,,184,812,0,0,,,,,,,,11.7,3.5,54.6,157.7,33073,458,5.8,58
23/3/20,967,6650,,,208,1020,0,0,1273,4874,5190.78,4993.89,5194.83,4922.76,1580528256,11.7,3.5,54.6,157.7,43505,579,6.2,62
24/3/20,1427,8077,,,262,1282,0,0,1720,6594,4993.89,5446.01,5446.01,4993.89,1559803776,11.7,3.5,54.6,157.7,53938,785,8.6,86
25/3/20,1452,9529,,,336,1618,0,0,2085,8679,5446.01,5688.2,5741.42,5400.47,1733536512,11.7,3.5,54.6,157.7,68572,1054,8.1,81
26/3/20,2129,11658,,,413,2031,0,0,1929,10608,5688.2,5815.73,5815.73,5503.35,1461121024,11.7,3.5,54.6,157.7,85570,1353,7.3,73
27/3/20,2890,14548,,,463,2494,0,0,2227,12835,5815.73,5510.33,5815.73,5407.06,1417066240,11.7,3.5,54.6,157.7,102900,1770,6.3,63
28/3/20,2556,17104,,,516,3010,0,0,2191,15026,,,,,,11.7,3.5,54.6,157.7,123966,2300,6.7,67
29/3/20,2502,19606,,,586,3596,0,0,2489,17515,,,,,,11.7,3.5,54.6,157.7,142486,2718,4.6,46
30/3/20,2665,22271,,,710,4306,0,0,3190,20705,5510.33,5563.74,5567.2,5351.84,1113599872,11.7,3.5,54.6,157.7,163955,3368,5.1,51
31/3/20,3250,25521,,,831,5137,0,0,2832,23537,5563.74,5671.96,5702.66,5545.85,1594088960,11.7,3.5,54.6,157.7,188461,4304,6.3,63
1/4/20,4567,30088,,,923,6060,0,0,3565,27102,5671.96,5454.57,5671.96,5414.72,1651918592,17.1,5.1,51.8,249.7,215391,5325,4.9,49
2/4/20,4522,34610,,,1006,7066,0,0,3284,30386,5454.57,5480.22,5552.36,5395.07,1498528384,17.1,5.1,51.8,249.7,245108,6541,8,80
3/4/20,4672,39282,,,1061,8127,0,0,2930,33316,5480.22,5415.5,5486.29,5396.66,1163112448,17.1,5.1,51.8,249.7,277426,7932,8.2,82
4/4/20,4000,43282,,,1146,9273,0,0,2921,36237,,,,,,17.1,5.1,51.8,249.7,312525,9488,8.8,88
5/4/20,6199,49481,,,1217,10490,0,0,2916,39153,,,,,,17.1,5.1,51.8,249.7,338141,10856,12.8,128
6/4/20,4143,53624,,,1169,11659,0,0,3046,42199,5415.5,5582.39,5590.58,5415.5,1161407232,17.1,5.1,51.8,249.7,369057,12382,12.3,123
7/4/20,3888,57512,,,1291,12950,0,0,3150,45349,5582.39,5704.45,5780.21,5582.39,1548487424,17.1,5.1,51.8,249.7,399394,14616,9.6,96
8/4/20,5865,63377,,,1461,14411,0,0,2967,48316,5704.45,5677.73,5704.45,5589.73,1071282304,17.1,5.1,51.8,249.7,431214,16701,13,130
9/4/20,4675,68052,,,1372,15783,0,0,2629,50945,5677.73,5842.66,5842.66,5677.68,1251951104,17.1,5.1,51.8,249.7,465913,18821,13,130
10/4/20,5706,73758,,,1320,17103,0,0,2463,53408,,,,,,17.1,5.1,51.8,249.7,499386,21084,14.1,141
11/4/20,5233,78991,,,1362,18465,0,0,2162,55570,,,,,,17.1,5.1,51.8,249.7,531106,23168,14.7,147
12/4/20,5288,84279,,,1375,19840,0,0,2066,57636,,,,,,17.1,5.1,51.8,249.7,558249,24849,13.6,136
13/4/20,4342,88621,,,1231,21071,0,0,2160,59796,,,,,,17.1,5.1,51.8,249.7,584018,26613,7.6,76
14/4/20,5252,93873,,,1253,22324,0,0,2088,61884,5842.66,5791.31,5894.71,5778.98,1043769984,17.1,5.1,51.8,249.7,610709,29318,5.8,58
15/4/20,4603,98476,,,1276,23600,0,0,1880,63764,5791.31,5597.65,5791.71,5576.35,1199273728,17.1,5.1,51.8,249.7,640742,32070,8.4,84
16/4/20,4617,103093,,,1322,24922,0,0,2012,65776,5597.65,5628.43,5657.63,5577.78,1046951232,17.1,5.1,51.8,249.7,672355,34419,10.7,107
17/4/20,5599,108692,,,1270,26192,0,0,1966,67742,5628.43,5786.96,5839.33,5628.43,1189974400,17.1,5.1,51.8,249.7,703864,36708,10.6,106
18/4/20,5525,114217,,,1187,27379,0,0,1629,69371,,,,,,17.1,5.1,51.8,249.7,732262,38659,8.2,82
19/4/20,5850,120067,,,1122,28501,0,0,1657,71028,,,,,,17.1,5.1,51.8,249.7,757596,40179,10.5,105
20/4/20,4676,124743,,532229,1158,29659,0,0,1737,72765,5786.96,5812.83,5823.93,5707.73,817649216,17.1,5.1,51.8,249.7,784991,42016,10,100
21/4/20,4301,129044,22763,554992,1085,30744,0,0,1713,74478,5812.83,5641.03,5812.83,5641.03,881173760,17.1,5.1,51.8,249.7,810505,44688,11.6,116
22/4/20,4451,133495,23074,578066,1102,31846,0,0,1527,76005,5641.03,5770.63,5777.06,5641.03,813598080,17.1,5.1,51.8,249.7,839336,47059,12.1,121
23/4/20,4583,138078,28027,606093,1038,32884,0,0,1513,77518,5770.63,5826.61,5843.61,5735.93,825518208,17.1,5.1,51.8,249.7,873112,49228,12.8,128
24/4/20,5386,143464,28226,634319,1004,33888,0,0,1525,79043,5826.61,5752.23,5827.24,5728.8,793929728,17.1,5.1,51.8,249.7,909853,51360,12.3,123
25/4/20,4913,148377,29058,663377,919,34807,0,0,1255,80298,,,,,,17.1,5.1,51.8,249.7,944261,53327,11,110
26/4/20,4463,152840,31610,694987,893,35700,0,0,1355,81653,,,,,,17.1,5.1,51.8,249.7,970996,54580,10.9,109
27/4/20,4309,157149,31566,726553,865,36565,0,0,1538,83191,5752.23,5846.79,5855.61,5752.23,750351936,17.1,5.1,51.8,249.7,994193,56022,11.3,113
28/4/20,3996,161145,45264,771817,801,37366,0,0,1517,84708,5846.79,5958.5,5977.76,5835.92,1183685248,17.1,5.1,51.8,249.7,1018844,58416,8,80
29/4/20,4076,165221,67780,839597,817,38183,0,0,1489,86197,5958.5,6115.25,6129.6,5950.83,1261201536,17.1,5.1,51.8,249.7,1045399,60930,9.2,92
30/4/20,6032,171253,83087,922684,780,38963,0,0,1443,87640,6115.25,5901.21,6151.58,5897.91,1857087232,17.1,5.1,51.8,249.7,1075756,63140,8.7,87
1/5/20,6201,177454,74142,996826,786,39749,0,0,1262,88902,5901.21,5763.06,5901.21,5746.06,778055232,19.9,6.4,0.2,339.5,1109726,64902,9.3,93
2/5/20,4806,182260,63561,1060387,704,40453,0,0,1180,90082,,,,,,19.9,6.4,0.2,339.5,1139200,66485,9.7,97
3/5/20,4339,186599,68203,1128590,662,41115,0,0,1188,91270,,,,,,19.9,6.4,0.2,339.5,1165340,67816,9.9,99
4/5/20,3985,190584,79600,1208190,673,41788,0,0,1250,92520,5763.06,5753.78,5792.85,5702.03,984594688,19.9,6.4,0.2,339.5,1187302,68905,11.4,114
5/5/20,4406,194990,62154,1270344,642,42430,0,0,1146,93666,5753.78,5849.42,5869.45,5753.78,953452672,19.9,6.4,0.2,339.5,1211011,71139,9.7,97
6/5/20,6111,201101,76846,1347190,622,43052,0,0,1206,94872,5849.42,5853.76,5897.44,5839.57,843421440,19.9,6.4,0.2,339.5,1235517,73847,10,100
7/5/20,5614,206715,77465,1424655,631,43683,0,0,1165,96037,5853.76,5935.98,5941.86,5853.6,929965056,19.9,6.4,0.2,339.5,1263995,75805,12.5,125
8/5/20,4649,211364,76967,1501622,569,44252,0,0,910,96947,,,,,,19.9,6.4,0.2,339.5,1291643,77380,15.2,152
9/5/20,3896,215260,77152,1578774,539,44791,0,0,943,97890,,,,,,19.9,6.4,0.2,339.5,1316511,78834,15.4,154
10/5/20,3923,219183,76507,1655281,493,45284,0,0,915,98805,,,,,,19.9,6.4,0.2,339.5,1336828,79766,10.7,107
11/5/20,3877,223060,70415,1725696,428,45712,0,0,1029,99834,5935.98,5939.73,5999.13,5898.32,958813888,19.9,6.4,0.2,339.5,1354449,80748,6.6,66
12/5/20,3403,226463,74593,1800289,441,46153,0,0,983,100817,5939.73,5994.77,6012.98,5911.37,925145664,19.9,6.4,0.2,339.5,1376749,82400,6.3,63
13/5/20,3242,229705,83876,1884165,455,46608,0,0,966,101783,5994.77,5904.05,5994.77,5893.35,983610496,19.9,6.4,0.2,339.5,1397894,84168,7.5,75
14/5/20,3446,233151,84706,1968871,465,47073,0,0,909,102692,5904.05,5741.54,5904.05,5661.14,1141461120,19.9,6.4,0.2,339.5,1424856,85906,6.3,63
15/5/20,3560,236711,91341,2060212,420,47493,0,0,870,103562,5741.54,5799.77,5837.88,5741.54,909899840,19.9,6.4,0.2,339.5,1451093,87499,8.2,82
16/5/20,3450,240161,91360,2151572,418,47911,0,0,813,104375,,,,,,19.9,6.4,0.2,339.5,1474752,88724,10.5,105
17/5/20,3562,243723,81278,2232850,376,48287,0,0,792,105167,,,,,,19.9,6.4,0.2,339.5,1493766,89568,11.9,119
18/5/20,2683,246406,70126,2302976,407,48694,0,0,848,106015,5799.77,6048.59,6058.17,5799.61,899165952,19.9,6.4,0.2,339.5,1515593,90414,13.4,134
19/5/20,2412,248818,77760,2380736,372,49066,0,0,881,106896,6048.59,6002.23,6111.96,5965.1,986795712,19.9,6.4,0.2,339.5,1536570,91934,16.2,162
20/5/20,-525,248293,86633,2467369,353,49419,0,0,851,107747,6002.23,6067.16,6074.46,5961.56,910308608,19.9,6.4,0.2,339.5,1559640,93411,16.8,168
21/5/20,2615,250908,105664,2573033,342,49761,0,0,842,108589,6067.16,6015.25,6093.74,6004.1,942274752,19.9,6.4,0.2,339.5,1585373,94722,15.9,159
22/5/20,3287,254195,91197,2664230,300,50061,0,0,739,109328,6015.25,5993.28,6015.25,5888.58,979113920,19.9,6.4,0.2,339.5,1609172,96010,16,160
23/5/20,2959,257154,91838,2756068,284,50345,0,0,643,109971,,,,,,19.9,6.4,0.2,339.5,1631440,97060,13.1,131
24/5/20,2405,259559,59467,2815535,281,50626,0,0,587,110558,,,,,,19.9,6.4,0.2,339.5,1651471,97680,14.8,148
25/5/20,1625,261184,148345,2963880,278,50904,0,0,602,111160,,,,,,19.9,6.4,0.2,339.5,1670571,98190,14.3,143
26/5/20,4043,265227,77921,3041801,299,51203,0,0,698,111858,5993.28,6067.76,6130.12,5993.28,1169590656,19.9,6.4,0.2,339.5,1689467,98937,15.8,158
27/5/20,2013,267240,82672,3124473,281,51484,0,0,712,112570,6067.76,6144.25,6167.96,6067.76,1477341696,19.9,6.4,0.2,339.5,1708211,100422,16,160
28/5/20,1887,269127,101754,3226227,286,51770,0,0,702,113272,6144.25,6218.79,6234.04,6144.25,1194641280,19.9,6.4,0.2,339.5,1730723,101622,15.9,159
29/5/20,2095,271222,105459,3331686,254,52024,0,0,614,113886,6218.79,6076.6,6218.79,6060.16,2213403648,19.9,6.4,0.2,339.5,1755271,102812,15.8,158
30/5/20,1604,272826,96998,3428684,219,52243,0,0,568,114454,,,,,,19.9,6.4,0.2,339.5,1778668,103775,15.7,157
31/5/20,1936,274762,82243,3510927,195,52438,0,0,528,114982,,,,,,19.9,6.4,0.2,339.5,1799302,104379,16.4,164
1/6/20,1570,276332,70607,3581534,199,52637,0,0,604,115586,6076.6,6166.42,6179.34,6076.6,733421120,20.7,11.1,59.6,212.6,1821199,105113,16.3,163
2/6/20,1653,277985,92698,3674232,232,52869,0,0,668,116254,6166.42,6220.14,6238.25,6165.05,1167966336,20.7,11.1,59.6,212.6,1841990,106195,16.2,162
3/6/20,1871,279856,102014,3776246,203,53072,0,0,633,116887,6220.14,6382.41,6394.7,6220.14,1193777408,20.7,11.1,59.6,212.6,1861977,107184,13.1,131
4/6/20,1805,281661,99484,3875730,183,53255,0,0,565,117452,6382.41,6341.44,6402.57,6314.59,1031505792,20.7,11.1,59.6,212.6,1883593,108192,11.1,111
5/6/20,1650,283311,102931,3978661,185,53440,0,0,475,117927,6341.44,6484.3,6489.99,6341.44,1391506176,20.7,11.1,59.6,212.6,1912302,109304,11.6,116
6/6/20,1557,284868,93606,4072267,150,53590,0,0,406,118333,,,,,,20.7,11.1,59.6,212.6,1934818,110032,10.5,105
7/6/20,1326,286194,87036,4159303,162,53752,0,0,407,118740,,,,,,20.7,11.1,59.6,212.6,1953434,110422,12.2,122
8/6/20,1205,287399,105452,4264755,161,53913,0,0,412,119152,6484.3,6472.59,6511.84,6423.06,1285491712,20.7,11.1,59.6,212.6,1971641,111144,11.8,118
9/6/20,1741,289140,94408,4359163,137,54050,0,0,492,119644,6472.59,6335.72,6475.01,6325.07,1222015104,20.7,11.1,59.6,212.6,1990446,112174,12.1,121
10/6/20,1003,290143,101108,4460271,166,54216,0,0,512,120156,6335.72,6329.13,6387.35,6293.83,1040511424,20.7,11.1,59.6,212.6,2013298,113103,12.5,125
11/6/20,1266,291409,103038,4563309,120,54336,0,0,446,120602,6329.13,6076.7,6329.13,6076.7,1108783872,20.7,11.1,59.6,212.6,2036500,113980,14,140
12/6/20,1541,292950,99704,4663013,135,54471,0,0,392,120994,6076.7,6105.18,6184.29,5993.2,1053212928,20.7,11.1,59.6,212.6,2061993,114759,15.1,151
13/6/20,1425,294375,99829,4762842,100,54571,0,0,385,121379,,,,,,20.7,11.1,59.6,212.6,2087327,115451,17.5,175
14/6/20,1514,295889,70381,4833223,136,54707,0,0,364,121743,,,,,,20.7,11.1,59.6,212.6,2106457,115768,16.4,164
15/6/20,968,296857,71402,4904625,107,54814,0,0,440,122183,6105.18,6064.7,6105.18,5952.44,828541888,20.7,11.1,59.6,212.6,2126574,116216,17.3,173
16/6/20,1279,298136,80862,4985487,120,54934,0,0,455,122638,6064.7,6242.79,6299.02,6064.7,1023935872,20.7,11.1,59.6,212.6,2151459,116985,17.2,172
17/6/20,1115,299251,86438,5071925,105,55039,0,0,432,123070,6242.79,6253.25,6309.74,6233.24,857823040,20.7,11.1,59.6,212.6,2177114,117746,16.3,163
18/6/20,1218,300469,93483,5165408,90,55129,0,0,403,123473,6253.25,6224.07,6284.96,6184.88,776721216,20.7,11.1,59.6,212.6,2205173,118473,14.3,143
19/6/20,1346,301815,90547,5255955,88,55217,0,0,336,123809,6224.07,6292.6,6319.81,6224.07,1668162304,20.7,11.1,59.6,212.6,2236009,119171,14.8,148
20/6/20,1295,303110,83749,5339704,87,55304,0,0,257,124066,,,,,,20.7,11.1,59.6,212.6,2268034,119717,15.9,159
21/6/20,1221,304331,60667,5400371,79,55383,0,0,288,124354,,,,,,20.7,11.1,59.6,212.6,2294413,119974,16.1,161
22/6/20,958,305289,66126,5466497,83,55466,0,0,394,124748,6292.6,6244.62,6309.04,6225.53,712751488,20.7,11.1,59.6,212.6,2324879,120334,14.8,148
23/6/20,921,306210,73646,5540143,97,55563,0,0,363,125111,6244.62,6320.12,6342.19,6244.62,669064960,20.7,11.1,59.6,212.6,2359939,121167,18.7,187
24/6/20,652,306862,91135,5631278,101,55664,0,0,368,125479,6320.12,6123.69,6320.12,6123.69,699253888,20.7,11.1,59.6,212.6,2396928,121934,21.6,216
25/6/20,1118,307980,151695,5782973,108,55772,0,0,324,125803,6123.69,6147.14,6162.44,6029.25,748002496,20.7,11.1,59.6,212.6,2438101,124400,22.6,226
26/6/20,1380,309360,105971,5888944,79,55851,0,0,340,126143,6147.14,6159.3,6262.13,6147.14,678514176,20.7,11.1,59.6,212.6,2483629,125033,21.7,217
27/6/20,890,310250,100631,5989575,73,55924,0,0,287,126430,,,,,,20.7,11.1,59.6,212.6,2525928,125544,16.3,163
28/6/20,901,311151,83917,6073492,71,55995,0,0,208,126638,,,,,,20.7,11.1,59.6,212.6,2565436,125815,13.7,137
29/6/20,814,311965,78126,6151618,69,56064,0,0,220,126858,6159.3,6225.77,6251.96,6122.95,715302336,20.7,11.1,59.6,212.6,2604932,126162,13.5,135
30/6/20,689,312654,121064,6272682,81,56145,0,0,295,127153,6225.77,6169.74,6237.51,6146.98,820843264,20.7,11.1,59.6,212.6,2653321,127462,14.7,147
1/7/20,829,313483,123537,6396219,54,56199,0,0,269,127422,6169.74,6157.96,6201.95,6084.48,671858112,22.1,11.4,29.8,209.6,2703296,128104,16.6,166
2/7/20,-29726,283757,136149,6532368,61,56260,0,0,218,127640,6157.96,6240.36,6258.6,6157.96,781700800,22.1,11.4,29.8,209.6,2758855,128827,14.6,146
3/7/20,519,284276,139473,6671841,46,56306,0,0,214,127854,6240.36,6157.3,6262.71,6137.09,492218880,22.1,11.4,29.8,209.6,2816009,129418,13.9,139
4/7/20,624,284900,114402,6786243,52,56358,0,0,202,128056,,,,,,22.1,11.4,29.8,209.6,2866015,129679,15.6,156
5/7/20,516,285416,93495,6879738,52,56410,0,0,196,128252,,,,,,22.1,11.4,29.8,209.6,2910782,129941,16.2,162
6/7/20,352,285768,77573,6957311,54,56464,0,0,204,128456,6157.3,6285.94,6304.19,6157.3,683831872,22.1,11.4,29.8,209.6,2958098,130332,14.6,146
7/7/20,581,286349,106977,7064288,43,56507,0,0,214,128670,6285.94,6189.9,6285.94,6179.97,587041408,22.1,11.4,29.8,209.6,3012182,131290,12.7,127
8/7/20,630,286979,127209,7191497,46,56553,0,0,208,128878,6189.9,6156.16,6208.43,6144.52,617571072,22.1,11.4,29.8,209.6,3071637,132238,14.9,149
9/7/20,642,287621,138041,7329538,60,56613,0,0,213,129091,6156.16,6049.62,6176.84,6040.26,654784768,22.1,11.4,29.8,209.6,3131526,133079,15.1,151
10/7/20,512,288133,134133,7463671,44,56657,0,0,176,129267,6049.62,6095.41,6108.2,6003.19,676613760,22.1,11.4,29.8,209.6,3199753,133907,13.5,135
11/7/20,820,288953,126549,7590220,38,56695,0,0,177,129444,,,,,,22.1,11.4,29.8,209.6,3260474,134582,13.4,134
12/7/20,650,289603,95081,7685301,32,56727,0,0,114,129558,,,,,,22.1,11.4,29.8,209.6,3318279,134977,14.1,141
13/7/20,530,290133,84937,7770238,45,56772,0,0,189,129747,6095.41,6176.19,6187.33,6095.41,559144832,22.1,11.4,29.8,209.6,3379846,135402,15.6,156
14/7/20,1240,291373,118652,7888890,42,56814,0,0,185,129932,6176.19,6179.75,6179.75,6093.23,711478784,22.1,11.4,29.8,209.6,3445448,136356,15.1,151
15/7/20,538,291911,141313,8030203,41,56855,0,0,166,130098,6179.75,6292.65,6323.55,6179.75,741933120,22.1,11.4,29.8,209.6,3513790,137327,14.1,141
16/7/20,641,292552,151272,8181475,20,56875,0,0,166,130264,6292.65,6250.69,6296.78,6227.33,516751872,22.1,11.4,29.8,209.6,3589477,138285,17.4,174
17/7/20,687,293239,164880,8346355,33,56908,0,0,144,130408,6250.69,6290.3,6293.68,6230.01,683853056,22.1,11.4,29.8,209.6,3660400,139186,18.8,188
18/7/20,827,294066,135778,8482133,31,56939,0,0,105,130513,,,,,,22.1,11.4,29.8,209.6,3722851,139961,16.7,167
19/7/20,726,294792,114222,8596355,24,56963,0,0,126,130639,,,,,,22.1,11.4,29.8,209.6,3785126,140373,14.8,148
20/7/20,580,295372,93496,8689851,31,56994,0,0,130,130769,6290.3,6261.52,6297.64,6222.15,461608608,22.1,11.4,29.8,209.6,3845014,140904,13,130
21/7/20,445,295817,132625,8822476,31,57025,0,0,126,130895,6261.52,6269.73,6315.68,6253.9,730008576,22.1,11.4,29.8,209.6,3910291,142031,13.5,135
22/7/20,560,296377,137234,8959710,34,57059,0,0,158,131053,6269.73,6207.1,6270.96,6197.45,738647040,22.1,11.4,29.8,209.6,3980030,143167,16.2,162
23/7/20,769,297146,141106,9100816,36,57095,0,0,200,131253,6207.1,6211.44,6273.63,6202.9,529659808,22.1,11.4,29.8,209.6,4050036,144283,16.3,163
24/7/20,768,297914,147827,9248643,19,57114,0,0,158,131411,6211.44,6123.82,6211.44,6099.06,670960640,22.1,11.4,29.8,209.6,4123561,145429,17.7,177
25/7/20,767,298681,139060,9387703,23,57137,0,0,119,131530,,,,,,22.1,11.4,29.8,209.6,4190337,146313,18.2,182
26/7/20,745,299426,117893,9505596,32,57169,0,0,109,131639,,,,,,22.1,11.4,29.8,209.6,4244554,146753,16,160
27/7/20,685,300111,89565,9595161,18,57187,0,0,130,131769,6123.82,6104.88,6127.62,6086.64,626509312,22.1,11.4,29.8,209.6,4303735,148449,16.9,169
28/7/20,581,300692,147817,9742978,25,57212,0,0,119,131888,6104.88,6129.26,6149.86,6083.65,593037120,22.1,11.4,29.8,209.6,4366851,149776,14.6,146
29/7/20,763,301455,157626,9900604,28,57240,0,0,132,132020,6129.26,6131.46,6155.06,6116.72,688774400,22.1,11.4,29.8,209.6,4433633,151172,14.7,147
30/7/20,846,302301,170388,10070992,17,57257,0,0,132,132152,6131.46,5989.99,6145.83,5924.7,1218669312,22.1,11.4,29.8,209.6,4502581,152433,19,190
31/7/20,880,303181,164745,10235737,30,57287,0,0,114,132266,5989.99,5897.76,6046.33,5897.76,991398784,22.1,11.4,29.8,209.6,4571669,153862,23.7,237
1/8/20,761,303942,146011,10381748,20,57307,0,0,128,132394,,,,,,23.4,14.1,103.4,173.1,4628497,154917,18,180
2/8/20,743,304685,146794,10528542,17,57324,0,0,93,132487,,,,,,23.4,14.1,103.4,173.1,4679291,155337,15.9,159
3/8/20,938,305623,144999,10673541,23,57347,0,0,110,132597,5897.76,6032.85,6038.76,5857.06,917974464,23.4,14.1,103.4,173.1,4726775,155945,14.8,148
4/8/20,670,306293,150960,10824501,27,57374,0,0,127,132724,6032.85,6036,6056.47,5986.77,747633856,23.4,14.1,103.4,173.1,4780324,157301,13.8,138
5/8/20,891,307184,162103,10986604,13,57387,0,0,140,132864,6036,6104.72,6111.5,6036,680737984,23.4,14.1,103.4,173.1,4834047,158554,18.2,182
6/8/20,950,308134,175558,11162162,21,57408,0,0,101,132965,6104.72,6026.94,6104.72,5980.44,602954112,23.4,14.1,103.4,173.1,4891561,159625,20.4,204
7/8/20,871,309005,173213,11335375,23,57431,0,0,117,133082,6026.94,6032.18,6046.02,5996.73,535097024,23.4,14.1,103.4,173.1,4952718,160981,21.6,216
8/8/20,758,309763,160651,11496026,22,57453,0,0,141,133223,,,,,,23.4,14.1,103.4,173.1,5007958,161947,21.6,216
9/8/20,1062,310825,163526,11659552,19,57472,0,0,106,133329,,,,,,23.4,14.1,103.4,173.1,5056438,162486,20.7,207
10/8/20,816,311641,153098,11812650,25,57497,0,0,86,133415,6032.18,6050.59,6099.48,6028.49,555797440,23.4,14.1,103.4,173.1,5103611,163023,22.2,222
11/8/20,1148,312789,157687,11970337,20,57517,0,0,114,133529,6050.59,6154.34,6206,6050.59,718083520,23.4,14.1,103.4,173.1,5156968,164474,24,240
12/8/20,1009,313798,178097,12148434,24,57541,0,0,101,133630,6154.34,6280.12,6297.2,6151.64,667024640,23.4,14.1,103.4,173.1,5211246,165952,25.1,251
13/8/20,1129,314927,164657,12313091,23,57564,0,0,130,133760,6280.12,6185.62,6280.12,6185.62,501759072,23.4,14.1,103.4,173.1,5265307,167165,19.8,198
14/8/20,1440,316367,170441,12483532,18,57582,0,0,102,133862,6185.62,6090.04,6185.62,6036.13,509213920,23.4,14.1,103.4,173.1,5324784,168341,18.4,184
15/8/20,1077,317444,180197,12663729,23,57605,0,0,99,133961,,,,,,23.4,14.1,103.4,173.1,5375527,169400,17.1,171
16/8/20,1040,318484,170088,12833817,15,57620,0,0,80,134041,,,,,,23.4,14.1,103.4,173.1,5417664,169914,18,180
17/8/20,713,319197,146282,12980099,21,57641,0,0,96,134137,6090.04,6127.44,6140.19,6061.46,486689344,23.4,14.1,103.4,173.1,5455187,170449,18.3,183
18/8/20,1089,320286,157202,13137301,15,57656,0,0,130,134267,6127.44,6076.62,6162.66,6062.58,484908416,23.4,14.1,103.4,173.1,5498420,171798,18.3,183
19/8/20,812,321098,179880,13317181,12,57668,0,0,115,134382,6076.62,6111.98,6114.83,6045,412412416,23.4,14.1,103.4,173.1,5541433,173093,17.1,171
20/8/20,1182,322280,175061,13492242,16,57684,0,0,98,134480,6111.98,6013.34,6111.98,6009.61,469769280,23.4,14.1,103.4,173.1,5587462,174136,18.1,181
21/8/20,1033,323313,181878,13674120,10,57694,0,0,109,134589,6013.34,6001.89,6036.51,5948.8,499403264,23.4,14.1,103.4,173.1,5636491,175297,17.9,179
22/8/20,1288,324601,177279,13851399,12,57706,0,0,72,134661,,,,,,23.4,14.1,103.4,173.1,5681517,176247,16.7,167
23/8/20,1160,325761,166067,14017466,17,57723,0,0,74,134735,,,,,,23.4,14.1,103.4,173.1,5713850,176693,16.2,162
24/8/20,853,326614,147953,14165419,10,57733,0,0,91,134826,6001.89,6104.73,6119.8,6001.89,433611392,23.4,14.1,103.4,173.1,5754254,177197,15.4,154
25/8/20,1184,327798,200750,14366169,22,57755,0,0,121,134947,6104.73,6037.01,6173.48,6032.1,523788160,23.4,14.1,103.4,173.1,5793437,178410,17,170
26/8/20,1048,328846,207530,14573699,16,57771,0,0,132,135079,6037.01,6045.6,6050.81,5992.22,395620608,23.4,14.1,103.4,173.1,5838756,179603,16.9,169
27/8/20,1522,330368,201987,14775686,12,57783,0,0,152,135231,6045.6,5999.99,6062.52,5999.99,486191936,23.4,14.1,103.4,173.1,5884366,180729,13.4,134
28/8/20,1276,331644,189633,14965319,12,57795,0,0,137,135368,5999.99,5963.57,6033.04,5962.46,904215488,23.4,14.1,103.4,173.1,5930930,181739,13.9,139
29/8/20,1108,332752,180033,15145352,8,57803,0,0,110,135478,,,,,,23.4,14.1,103.4,173.1,5975540,182610,12.1,121
30/8/20,1715,334467,181038,15326390,11,57814,0,0,77,135555,,,,,,23.4,14.1,103.4,173.1,6008970,182984,11.6,116
31/8/20,1406,335873,180368,15506758,18,57832,0,0,91,135646,,,,,,23.4,14.1,103.4,173.1,6045455,183472,12,120
1/9/20,1295,337168,171206,15677964,11,57843,0,0,134,135780,5963.57,5862.05,5972.52,5824.04,960511936,20.7,9,36,165.4,6089504,184563,12.8,128
2/9/20,1508,338676,208390,15886354,15,57858,0,0,146,135926,5862.05,5940.95,5974.7,5862.05,660227392,20.7,9,36,165.4,6121948,185639,13.1,131
3/9/20,1735,340411,199598,16085952,9,57867,0,0,145,136071,5940.95,5850.86,5996.24,5838.02,689875776,20.7,9,36,165.4,6168342,186717,16.6,166
4/9/20,1940,342351,202893,16288845,15,57882,0,0,153,136224,5850.86,5799.08,5904.16,5778.4,668762496,20.7,9,36,165.4,6220446,187697,14,140
5/9/20,1813,344164,189054,16477899,14,57896,0,0,130,136354,,,,,,20.7,9,36,165.4,6262700,188409,13.4,134
6/9/20,2988,347152,192873,16670772,13,57909,0,0,138,136492,,,,,,20.7,9,36,165.4,6292699,188820,13.5,135
7/9/20,2948,350100,201980,16872752,23,57932,0,0,142,136634,5799.08,5937.4,5946.93,5798.47,490308576,20.7,9,36,165.4,6317865,189083,13.6,136
8/9/20,2460,352560,203861,17076613,15,57947,0,0,184,136818,5937.4,5930.3,5985.26,5868.87,675833728,20.7,9,36,165.4,6346806,189541,18.5,185
9/9/20,2659,355219,225985,17302598,14,57961,0,0,202,137020,5930.3,6012.84,6031.25,5923.43,663122368,20.7,9,36,165.4,6380138,190716,16.1,161
10/9/20,2919,358138,241873,17544471,16,57977,0,0,219,137239,6012.84,6003.32,6028.76,5950.62,564219264,20.7,9,36,165.4,6418198,191631,11.3,113
11/9/20,3539,361677,281273,17825744,20,57997,0,0,231,137470,6003.32,6032.09,6057.69,5992.93,524384512,20.7,9,36,165.4,6465766,192858,12.8,128
12/9/20,3497,365174,228748,18054492,22,58019,0,0,216,137686,,,,,,20.7,9,36,165.4,6504870,193559,15.2,152
13/9/20,3330,368504,225380,18279872,21,58040,0,0,226,137912,,,,,,20.7,9,36,165.4,6538213,193958,17.4,174
14/9/20,2621,371125,216526,18496398,21,58061,0,0,255,138167,6032.09,6026.25,6080.02,6011.83,587020224,20.7,9,36,165.4,6575100,194408,17.1,171
15/9/20,3103,374228,237958,18734356,26,58087,0,0,270,138437,6026.25,6105.54,6123.69,6026.17,623365120,20.7,9,36,165.4,6614317,195689,20.1,201
16/9/20,3991,378219,245391,18979747,31,58118,0,0,284,138721,6105.54,6078.48,6119.24,6057.63,690607424,20.7,9,36,165.4,6653585,196686,17.8,178
17/9/20,3395,381614,241456,19221203,37,58155,0,0,264,138985,6078.48,6049.92,6078.48,5998.69,593428288,20.7,9,36,165.4,6698895,197535,15,150
18/9/20,4322,385936,267206,19488409,30,58185,0,0,262,139247,6049.92,6007.05,6055.24,6006.28,1583726464,20.7,9,36,165.4,6747782,198484,13.5,135
19/9/20,4422,390358,250954,19739363,25,58210,0,0,260,139507,,,,,,20.7,9,36,165.4,6789593,199154,15.7,157
20/9/20,3899,394257,234785,19974148,40,58250,0,0,289,139796,,,,,,20.7,9,36,165.4,6825949,199367,15.9,159
21/9/20,4368,398625,206782,20180930,30,58280,0,0,369,140165,6007.05,5804.29,6007.05,5779.24,975883968,20.7,9,36,165.4,6880899,199797,15.5,155
22/9/20,4926,403551,211062,20391992,39,58319,0,0,350,140515,5804.29,5829.46,5871.28,5794.54,758860864,20.7,9,36,165.4,6918290,200738,15.3,153
23/9/20,6178,409729,260201,20652193,58,58377,0,0,421,140936,5829.46,5899.26,5974.88,5829.46,737030592,20.7,9,36,165.4,6959841,201828,13.8,138
24/9/20,6634,416363,274903,20927096,34,58411,0,0,422,141358,5899.26,5822.78,5899.26,5805.28,692312832,20.7,9,36,165.4,7005043,202713,10,100
25/9/20,6873,423236,290040,21217136,40,58451,0,0,383,141741,5822.78,5842.67,5843.72,5771.49,729237312,20.7,9,36,165.4,7059624,203566,9.8,98
26/9/20,6041,429277,255488,21472624,47,58498,0,0,351,142092,,,,,,20.7,9,36,165.4,7102321,204335,8,80
27/9/20,5692,434969,263526,21736150,56,58554,0,0,340,142432,,,,,,20.7,9,36,165.4,7139619,204602,9.8,98
28/9/20,4044,439013,227516,21963666,55,58609,0,0,443,142875,5842.67,5927.93,5954.42,5842.67,842817664,20.7,9,36,165.4,7176979,204952,9.5,95
29/9/20,7143,446156,245934,22209600,48,58657,0,0,440,143315,5927.93,5897.5,5927.93,5862.93,614489088,20.7,9,36,165.4,7220676,205878,12.4,124
30/9/20,7108,453264,258646,22468246,61,58718,0,0,452,143767,5897.5,5866.1,5931.37,5854.46,809241600,20.7,9,36,165.4,7262734,206852,11.6,116
1/10/20,6914,460178,270175,22738421,71,58789,0,0,523,144290,5866.1,5879.45,5925.77,5849.82,667463296,15.2,7.7,170.8,73.3,7309152,207699,11.4,114
2/10/20,6968,467146,269994,23008415,72,58861,0,0,528,144818,5879.45,5902.12,5902.12,5809.61,691712256,15.2,7.7,170.8,73.3,7362732,208564,10.2,102
3/10/20,12871,480017,286802,23295217,70,58931,0,0,532,145350,,,,,,15.2,7.7,170.8,73.3,7410511,209273,11.6,116
4/10/20,22961,502978,250348,23545565,62,58993,0,0,628,145978,,,,,,15.2,7.7,170.8,73.3,7445574,209606,11,110
5/10/20,12593,515571,273363,23818928,68,59061,0,0,623,146601,5902.12,5942.94,5974.22,5902.12,632881472,15.2,7.7,170.8,73.3,7507986,210035,11.8,118
6/10/20,14542,530113,262594,24081522,84,59145,0,0,722,147323,5942.94,5949.94,5971.48,5903.4,777798016,15.2,7.7,170.8,73.3,7550848,210756,12.4,124
7/10/20,14162,544275,256068,24337590,109,59254,0,0,683,148006,5949.94,5946.25,5977.15,5929.16,711854016,15.2,7.7,170.8,73.3,7603865,211752,11.9,119
8/10/20,17540,561815,303325,24640915,96,59350,0,0,710,148716,5946.25,5978.03,6004.15,5929.41,735195776,15.2,7.7,170.8,73.3,7660248,212680,12.7,127
9/10/20,13864,575679,296559,24937474,95,59445,0,0,703,149419,5978.03,6016.65,6040.47,5978.03,664913152,15.2,7.7,170.8,73.3,7719210,213595,8.9,89
10/10/20,15165,590844,279605,25217079,107,59552,0,0,720,150139,,,,,,15.2,7.7,170.8,73.3,7770858,214187,9.5,95
11/10/20,12872,603716,258955,25476034,127,59679,0,0,823,150962,,,,,,15.2,7.7,170.8,73.3,7815641,214606,9.8,98
12/10/20,13972,617688,221130,25697164,119,59798,0,0,884,151846,6016.65,6001.38,6037.08,5995.11,572941952,15.2,7.7,170.8,73.3,7863657,214957,8.9,89
13/10/20,17232,634920,302343,25999507,118,59916,0,0,1021,152867,6001.38,5969.71,6008.04,5949.97,747832896,15.2,7.7,170.8,73.3,7918051,215783,8.4,84
14/10/20,19724,654644,301505,26301012,122,60038,0,0,980,153847,5969.71,5935.06,6009.81,5926.49,564383552,15.2,7.7,170.8,73.3,7977904,216792,10.8,108
15/10/20,18978,673622,304691,26605703,152,60190,0,0,1044,154891,5935.06,5832.52,5935.06,5786.2,649098240,15.2,7.7,170.8,73.3,8043257,217585,8.5,85
16/10/20,15635,689257,312152,26917855,162,60352,0,0,911,155802,5832.52,5919.58,5933.81,5832.52,630250304,15.2,7.7,170.8,73.3,8113720,218476,9.2,92
17/10/20,16171,705428,308416,27226271,183,60535,0,0,1025,156827,,,,,,15.2,7.7,170.8,73.3,8166481,219154,9.2,92
18/10/20,16981,722409,306893,27533164,166,60701,0,0,1086,157913,,,,,,15.2,7.7,170.8,73.3,8214363,219541,9.1,91
19/10/20,18803,741212,262588,27795752,192,60893,0,0,1094,159007,5919.58,5884.65,5959.67,5871.95,458149504,15.2,7.7,170.8,73.3,8279803,220058,10.8,108
20/10/20,21330,762542,282309,28078061,210,61103,0,0,1186,160193,5884.65,5889.22,5915.47,5861.81,567838720,15.2,7.7,170.8,73.3,8340397,220987,13.6,136
21/10/20,26687,789229,321099,28399160,232,61335,0,0,1259,161452,5889.22,5776.5,5903.38,5769.62,599793664,15.2,7.7,170.8,73.3,8404634,222195,14.1,141
22/10/20,21238,810467,344962,28744122,241,61576,0,0,1275,162727,5776.5,5785.65,5796.44,5716.4,637079296,15.2,7.7,170.8,73.3,8479762,223023,11.3,113
23/10/20,20531,830998,346844,29090966,225,61801,0,0,1289,164016,5785.65,5860.28,5885.38,5781.78,838825280,15.2,7.7,170.8,73.3,8565059,223953,10.4,104
24/10/20,23012,854010,317896,29408862,219,62020,0,0,1256,165272,,,,,,15.2,7.7,170.8,73.3,8643640,224825,9.7,97
25/10/20,19790,873800,321114,29729976,255,62275,0,0,1420,166692,,,,,,15.2,7.7,170.8,73.3,8703355,225164,9.5,95
26/10/20,20890,894690,264358,29994334,282,62557,0,0,1532,168224,5860.28,5792.01,5868.36,5782.37,669332864,15.2,7.7,170.8,73.3,8777986,225701,9.2,92
27/10/20,22885,917575,287945,30282279,285,62842,0,0,1488,169712,5792.01,5728.99,5806.23,5728.18,749362432,15.2,7.7,170.8,73.3,8852373,226684,9,90
28/10/20,24700,942275,308950,30591229,280,63122,0,0,1485,171197,5728.99,5582.8,5728.99,5525.52,1093843072,15.2,7.7,170.8,73.3,8934258,227702,8.8,88
29/10/20,23065,965340,349928,30941157,316,63438,0,0,1584,172781,5582.8,5581.75,5616.58,5534.66,923010816,15.2,7.7,170.8,73.3,9024915,228706,10,100
30/10/20,24405,989745,308602,31249759,347,63785,0,0,1373,174154,5581.75,5577.27,5593.4,5534.08,811421504,15.2,7.7,170.8,73.3,9124783,229674,12.2,122
31/10/20,21915,1011660,295014,31544773,339,64124,0,0,1459,175613,,,,,,15.2,7.7,170.8,73.3,9208993,230512,12.5,125
1/11/20,23254,1034914,272386,31817159,359,64483,0,0,1488,177101,,,,,,13.1,6.1,65.2,67.1,9283188,230940,12.8,128
2/11/20,18950,1053864,221601,32038760,337,64820,0,0,1566,178667,5577.27,5654.97,5665.3,5554.73,738754496,13.1,6.1,65.2,67.1,9377201,231480,12,120
3/11/20,20018,1073882,270838,32309598,375,65195,0,0,1515,180182,5654.97,5786.77,5787.61,5654.97,790584576,13.1,6.1,65.2,67.1,9469617,232610,7,70
4/11/20,25177,1099059,313398,32622996,339,65534,0,0,1677,181859,5786.77,5883.26,5885.67,5711.21,772419648,13.1,6.1,65.2,67.1,9577697,234226,5.4,54
5/11/20,24138,1123197,347745,32970741,387,65921,0,0,1586,183445,5883.26,5906.18,5933.05,5881.87,869819904,13.1,6.1,65.2,67.1,9699030,235334,6.8,68
6/11/20,23287,1146484,355124,33325865,417,66338,0,0,1414,184859,5906.18,5910.02,5950.22,5858.48,774147648,13.1,6.1,65.2,67.1,9831853,236582,6.9,69
7/11/20,24957,1171441,329430,33655295,416,66754,0,0,1555,186414,,,,,,13.1,6.1,65.2,67.1,9957785,237589,7.6,76
8/11/20,20572,1192013,286429,33941724,431,67185,0,0,1687,188101,,,,,,13.1,6.1,65.2,67.1,10061201,238053,9,90
9/11/20,21350,1213363,244091,34185815,486,67671,0,0,1763,189864,5910.02,6186.29,6258.31,5910.02,2041151360,13.1,6.1,65.2,67.1,10191642,238798,12.1,121
10/11/20,20412,1233775,304491,34490306,409,68080,0,0,1848,191712,6186.29,6296.85,6307,6180.47,1689420800,13.1,6.1,65.2,67.1,10331392,240262,12.3,123
11/11/20,22950,1256725,381081,34871387,405,68485,0,0,1971,193683,6296.85,6382.1,6397.28,6293.21,1264312832,13.1,6.1,65.2,67.1,10474277,241693,10.6,106
12/11/20,33470,1290195,380778,35252165,429,68914,0,0,1914,195597,6382.1,6338.94,6382.1,6295.79,975946368,13.1,6.1,65.2,67.1,10637917,242865,9.9,99
13/11/20,27301,1317496,382224,35634389,444,69358,0,0,1647,197244,6338.94,6316.39,6338.97,6280.4,919451392,13.1,6.1,65.2,67.1,10819414,244255,10.1,101
14/11/20,26860,1344356,343891,35978280,458,69816,0,0,1612,198856,,,,,,13.1,6.1,65.2,67.1,10978447,245465,11,110
15/11/20,24962,1369318,282440,36260720,452,70268,0,0,1670,200526,,,,,,13.1,6.1,65.2,67.1,11113634,246088,10.6,106
16/11/20,21363,1390681,252782,36513502,429,70697,0,0,1768,202294,6316.39,6421.29,6463.51,6316.39,1245198464,13.1,6.1,65.2,67.1,11280194,246884,9.4,94
17/11/20,20051,1410732,284284,36797786,464,71161,0,0,1715,204009,6421.29,6365.33,6424.53,6308.99,1093030784,13.1,6.1,65.2,67.1,11441833,248491,11.7,117
18/11/20,19609,1430341,374846,37172632,512,71673,0,0,1782,205791,6365.33,6385.24,6395.91,6326.74,971871360,13.1,6.1,65.2,67.1,11614116,250415,12.8,128
19/11/20,22915,1453256,403224,37575856,483,72156,0,0,1685,207476,6385.24,6334.35,6385.24,6314.26,908797824,13.1,6.1,65.2,67.1,11801631,252376,7.6,76
20/11/20,20252,1473508,391748,37967604,480,72636,0,0,1547,209023,6334.35,6351.45,6386.7,6324.6,801996928,13.1,6.1,65.2,67.1,12000512,254333,6.1,61
21/11/20,19875,1493383,369079,38336683,496,73132,0,0,1460,210483,,,,,,13.1,6.1,65.2,67.1,12172457,255758,8.4,84
22/11/20,18662,1512045,283372,38620055,510,73642,0,0,1488,211971,,,,,,13.1,6.1,65.2,67.1,12313295,256601,7.7,77
23/11/20,15450,1527495,214442,38834497,503,74145,0,0,1587,213558,6351.45,6333.84,6392.08,6325.24,857653568,13.1,6.1,65.2,67.1,12493028,257639,6,60
24/11/20,11299,1538794,315333,39149830,495,74640,0,0,1496,215054,6333.84,6432.17,6432.42,6333.72,1275471232,13.1,6.1,65.2,67.1,12670931,259848,7,70
25/11/20,18213,1557007,354852,39504682,497,75137,0,0,1613,216667,6432.17,6391.09,6468.73,6375.25,1103134592,13.1,6.1,65.2,67.1,12851603,262161,8.7,87
26/11/20,17555,1574562,384219,39888901,459,75596,0,0,1423,218090,6391.09,6362.93,6412.65,6349.53,722860992,13.1,6.1,65.2,67.1,12954496,263339,3.3,33
27/11/20,14739,1589301,334187,40223088,457,76053,0,0,1280,219370,6362.93,6367.58,6375.91,6302.22,1424857984,13.1,6.1,65.2,67.1,13160382,264751,3.1,31
28/11/20,15871,1605172,311315,40534403,485,76538,0,0,1221,220591,,,,,,13.1,6.1,65.2,67.1,13311528,265943,4.5,45
29/11/20,12155,1617327,222041,40756444,500,77038,0,0,1384,221975,,,,,,13.1,6.1,65.2,67.1,13447900,266761,6.7,67
30/11/20,12330,1629657,233257,40989701,464,77502,0,0,1404,223379,6367.58,6266.19,6404.02,6266.19,1347709696,13.1,6.1,65.2,67.1,13615739,268031,8,80
1/12/20,13429,1643086,318153,41307854,422,77924,0,0,1490,224869,6266.19,6384.73,6400.24,6263.6,825868160,9.2,2.3,140.4,59.7,13799999,270639,4.3,43
2/12/20,16170,1659256,353041,41660895,410,78334,0,0,1489,226358,6384.73,6463.39,6468.64,6367.51,899022656,9.2,2.3,140.4,59.7,14001210,273525,4.7,47
3/12/20,14878,1674134,391644,42052539,502,78836,0,0,1502,227860,6463.39,6490.27,6491.49,6430.27,880327616,9.2,2.3,140.4,59.7,14218973,276381,4,40
4/12/20,16298,1690432,380961,42433500,496,79332,0,0,1433,229293,6490.27,6550.23,6559.18,6489.75,929453312,9.2,2.3,140.4,59.7,14450360,279018,3.8,38
5/12/20,15539,1705971,354842,42788342,404,79736,0,0,1378,230671,,,,,,9.2,2.3,140.4,59.7,14656033,281208,4.7,47
6/12/20,17271,1723242,272831,43061173,435,80171,0,0,1470,232141,,,,,,9.2,2.3,140.4,59.7,14828141,282319,2.2,22
7/12/20,14718,1737960,218410,43279583,464,80635,0,0,1658,233799,6550.23,6555.39,6601.11,6519.82,861841728,9.2,2.3,140.4,59.7,15032433,283853,1.7,17
8/12/20,12281,1750241,295059,43574642,465,81100,,,1784,235583,6555.39,6558.82,6567.59,6518.37,750523328,9.2,2.3,140.4,59.7,15252314,286674,2.4,24
9/12/20,16578,1766819,382584,43957226,443,81543,,,1753,237336,6558.82,6564.29,6623.03,6558.82,735093504,9.2,2.3,140.4,59.7,15472050,289830,4,40
10/12/20,20964,1787783,400680,44357906,492,82035,,,1751,239087,6564.29,6599.76,6640.74,6561.11,1019591552,9.2,2.3,140.4,59.7,15697271,292771,6.3,63
11/12/20,21672,1809455,391632,44749538,490,82525,,,1686,240773,6599.76,6546.75,6607.44,6520.54,1050302976,9.2,2.3,140.4,59.7,15977838,295726,7.9,79
12/12/20,21501,1830956,358510,45108048,485,83010,,,1799,242572,,,,,,9.2,2.3,140.4,59.7,16185267,297981,7.2,72
13/12/20,18447,1849403,312291,45420339,479,83489,,,1753,244325,,,,,,9.2,2.3,140.4,59.7,16369491,299338,6.4,64
14/12/20,20263,1869666,275798,45696137,501,83990,,,1953,246278,6546.75,6531.83,6583.7,6524.7,831478720,9.2,2.3,140.4,59.7,16570615,301016,7.8,78
15/12/20,18450,1888116,313181,46009318,504,84494,,,1957,248235,6531.83,6513.32,6558.24,6484.04,731011776,9.2,2.3,140.4,59.7,16773586,304041,7.9,79
16/12/20,25161,1913277,364459,46373777,481,84975,,,2078,250313,6513.32,6570.91,6598.42,6513.32,836023232,9.2,2.3,140.4,59.7,17018628,307652,7.9,79
17/12/20,35383,1948660,397591,46771368,562,85537,,,2144,252457,6570.91,6551.06,6601.63,6551.06,709557888,9.2,2.3,140.4,59.7,17257055,310950,8.3,83
18/12/20,28507,1977167,391144,47162512,584,86121,,,1920,254377,6551.06,6529.18,6604.54,6518.25,1142825728,9.2,2.3,140.4,59.7,17508278,313820,9.2,92
19/12/20,27052,2004219,440726,47603238,543,86664,,,2044,256421,,,,,,9.2,2.3,140.4,59.7,17702197,316381,9.8,98
20/12/20,35928,2040147,433569,48036807,547,87211,,,2167,258588,,,,,,9.2,2.3,140.4,59.7,17882143,317810,7.1,71
21/12/20,33364,2073511,433124,48469931,597,87808,,,2368,260956,6385.24,6416.32,6385.24,6314.26,1030678912,9.2,2.3,140.4,59.7,18083756,319773,7.6,76
22/12/20,36803,2110314,456617,48926548,624,88432,,,2478,263434,6416.32,6453.16,6457.47,6382.61,538914176,9.2,2.3,140.4,59.7,18285416,323012,7,70
23/12/20,39237,2149551,509889,49436437,624,89056,,,2274,265708,6453.16,6495.75,6497.28,6431.21,764342656,9.2,2.3,140.4,59.7,18513204,326424,7,70
24/12/20,39877,2189428,463552,49899989,613,89669,,,2082,267790,,,,,,9.2,2.3,140.4,59.7,18706752,329248,3,30
25/12/20,32725,2222153,339239,50239228,651,90320,,,2183,269973,,,,,,9.2,2.3,140.4,59.7,18807725,330377,1.8,18
26/12/20,35691,2257844,270422,50509650,688,91008,,,2529,272502,,,,,,9.2,2.3,140.4,59.7,19024581,332023,3.9,39
27/12/20,30501,2288345,421473,50931123,710,91718,,,2871,275373,,,,,,9.2,2.3,140.4,59.7,19176674,333253,4.6,46
28/12/20,41385,2329730,358034,51289157,717,92435,,,3131,278504,,,,,,9.2,2.3,140.4,59.7,19365740,335152,1,10
29/12/20,53135,2382865,346223,51635380,705,93140,,,3250,281754,6502.11,6602.65,6676.6,6502.11,814770432,9.2,2.3,140.4,59.7,19566832,338780,1,10
30/12/20,50023,2432888,422867,52058247,753,93893,,,3285,285039,6602.65,6555.82,6622.98,6552.46,422209696,9.2,2.3,140.4,59.7,19795855,342588,1,10
31/12/20,55892,2488780,501842,52560089,816,94709,,,2916,287955,6555.82,6460.52,6622.98,6552.46,0,9.2,2.3,140.4,59.7,20026890,346050,-1.3,-13
1/1/21,53285,2542065,423756,52983845,806,95515,,,3369,291324,,,,,,7.6,0.7,94.4,37.5,20174150,347970,-0.1,-1
2/1/21,57724,2599789,412332,53396177,823,96338,,,3439,294763,,,,,,7.6,0.7,94.4,37.5,20465532,350343,0.4,4
3/1/21,54990,2654779,429669,53825846,794,97132,,,3649,298412,,,,,,7.6,0.7,94.4,37.5,20667499,351694,1.5,15
4/1/21,58784,2713563,476855,54302701,886,98018,,,3937,302349,6460.52,6571.88,6662.66,6460.52,898340288,7.6,0.7,94.4,37.5,20919461,353743,2.5,25
5/1/21,60916,2774479,505378,54808079,956,98974,,,4116,306465,6571.88,6612.25,6622.77,6544.25,678608192,7.6,0.7,94.4,37.5,21154488,357432,2.4,24
6/1/21,62322,2836801,570642,55378721,997,99971,,,4394,310859,6612.25,6841.86,6859.14,6611.87,1131852928,7.6,0.7,94.4,37.5,21410487,361396,2,20
7/1/21,52618,2889419,625130,56003851,1042,101013,,,4291,315150,6841.86,6856.96,6903.61,6795.11,819169024,7.6,0.7,94.4,37.5,21690791,365507,-1.1,-11
8/1/21,68053,2957472,685568,56689419,1034,102047,,,3997,319147,6856.96,6873.26,6886.34,6836.08,775861056,7.6,0.7,94.4,37.5,21991460,369402,-0.8,-8
9/1/21,59937,3017409,569507,57258926,1079,103126,,,4125,323272,,,,,,7.6,0.7,94.4,37.5,22243548,372663,1.1,11
10/1/21,54940,3072349,488258,57747184,1149,104275,,391399,3931,327203,,,,,,7.6,0.7,94.4,37.5,22451857,374440,1.6,16
11/1/21,46169,3118518,550352,58297536,1222,105497,20768,412167,4310,331513,6873.26,6798.48,6873.26,6768.72,588816512,7.6,0.7,94.4,37.5,22674885,376488,4.6,46
12/1/21,45533,3164051,593753,58891289,1295,106792,16065,428232,4577,336090,6798.48,6754.11,6816.65,6743.23,628495936,7.6,0.7,94.4,37.5,22904596,380894,5,50
13/1/21,47525,3211576,647031,59538320,1287,108079,9745,437977,4223,340313,6754.11,6745.52,6772.57,6736.01,590977024,7.6,0.7,94.4,37.5,23133938,384824,3.6,36
14/1/21,48682,3260258,704366,60242686,1323,109402,5257,443234,4099,344412,6745.52,6801.96,6801.96,6736.78,569942656,7.6,0.7,94.4,37.5,23372547,388804,4.1,41
15/1/21,55761,3316019,605819,60848505,1308,110710,4208,447442,3675,348087,6801.96,6735.71,6802.05,6676.55,691771584,7.6,0.7,94.4,37.5,23613480,392553,1.9,19
16/1/21,41342,3357361,501101,61349606,1393,112103,2620,450062,3938,352025,,,,,,7.6,0.7,94.4,37.5,23815113,395894,3.2,32
17/1/21,38598,3395959,424698,61774304,1337,113440,2239,452301,3748,355773,,,,,,7.6,0.7,94.4,37.5,23984665,397624,4.9,49
18/1/21,37535,3433494,583501,62357805,1385,114825,4565,456866,4063,359836,6735.71,6720.65,6741.47,6709.33,352425376,7.6,0.7,94.4,37.5,24127282,399065,6.2,62
19/1/21,33355,3466849,599107,62956912,1469,116294,3759,460625,4159,363995,6720.65,6712.95,6770.66,6697.67,609638208,7.6,0.7,94.4,37.5,24312341,401836,7.3,73
20/1/21,38905,3505754,666307,63623219,1366,117660,3411,464036,4044,368039,6712.95,6740.39,6751.81,6697.46,582482112,7.6,0.7,94.4,37.5,24499366,406216,9.4,94
21/1/21,37892,3543646,679829,64303048,1326,118986,2760,466796,3632,371671,6740.39,6715.42,6776.92,6715.42,591448512,7.6,0.7,94.4,37.5,24689504,410351,4.5,45
22/1/21,40261,3583907,648101,64951149,1312,120298,1821,468617,3391,375062,6715.42,6695.07,6715.66,6651.71,636318592,7.6,0.7,94.4,37.5,24881266,414082,3.7,37
23/1/21,33552,3617459,491452,65442601,1264,121562,1043,469660,3112,378174,,,,,,7.6,0.7,94.4,37.5,25049188,417404,1.3,13
24/1/21,30004,3647463,418704,65861305,1220,122782,818,470478,3110,381284,,,,,,7.6,0.7,94.4,37.5,25178680,419219,-0.6,-6
25/1/21,22195,3669658,561662,66422967,1238,124020,1968,472446,2930,384214,6695.07,6638.85,6714.61,6610.26,727258432,7.6,0.7,94.4,37.5,25334412,421126,0.2,2
26/1/21,20088,3689746,617406,67040373,1148,125168,1710,474156,3144,387358,6638.85,6654.01,6702.35,6636.34,635704576,7.6,0.7,94.4,37.5,25486052,425223,2.9,29
27/1/21,25308,3715054,788563,67828936,1203,126371,2329,476485,3058,390416,6654.01,6567.37,6661.31,6505.84,967959488,7.6,0.7,94.4,37.5,25641696,429326,5.4,54
28/1/21,28680,3743734,777988,68606924,1211,127582,1769,478254,3041,393457,6567.37,6526.15,6567.37,6439.55,845205696,7.6,0.7,94.4,37.5,25806944,433194,8.8,88
29/1/21,29079,3772813,681585,69288509,1139,128721,2178,480432,2683,396140,6526.15,6407.46,6526.15,6397.24,815432192,7.6,0.7,94.4,37.5,25972616,436794,7.9,79
30/1/21,23275,3796088,447771,69736280,1012,129733,10621,491053,2471,398611,,,,,,7.6,0.7,94.4,37.5,26106503,439435,2.9,29
31/1/21,21088,3817176,604032,70340312,980,130713,3156,494209,2402,401013,,,,,,7.6,0.7,94.4,37.5,26220001,441299,0.8,8
1/2/21,18607,3835783,671621,71011933,989,131702,2587,496796,2601,403614,6407.46,6466.42,6495.56,6407.46,592075328,9.5,2.9,68,54.5,26359861,443249,3.6,36
2/2/21,16840,3852623,630601,71642534,943,132645,2166,498962,2480,406094,6466.42,6516.65,6523.51,6466.42,704028416,9.5,2.9,68,54.5,26477790,446860,5.5,55
3/2/21,19202,3871825,821612,72464146,958,133603,2995,501957,2358,408452,6516.65,6507.82,6573.1,6489.51,697499776,9.5,2.9,68,54.5,26597834,450703,6.2,62
4/2/21,20634,3892459,813728,73277874,812,134415,4036,505993,2143,410595,6507.82,6503.72,6553.37,6478.15,856156864,9.5,2.9,68,54.5,26723668,455820,4.9,49
5/2/21,19114,3911573,693345,73971219,856,135271,4064,510057,2005,412600,6503.72,6489.33,6518.65,6457.6,958641472,9.5,2.9,68,54.5,26853238,459390,6.9,69
6/2/21,18262,3929835,466060,74437279,771,136042,1662,511719,1892,414492,,,,,,9.5,2.9,68,54.5,26958243,462052,3.5,35
7/2/21,15845,3945680,606287,75043566,734,136776,862,512581,1849,416341,,,,,,9.5,2.9,68,54.5,27045558,463353,1,10
8/2/21,14104,3959784,649949,75693515,765,137541,3811,516392,1921,418262,6489.33,6523.53,6567.7,6489.33,767593792,9.5,2.9,68,54.5,27138372,464936,-0.3,-3
9/2/21,12364,3972148,604351,76297866,707,138248,3161,519553,1753,420015,6523.53,6531.56,6540.97,6501.02,530735936,9.5,2.9,68,54.5,27234861,468106,-0.5,-5
10/2/21,13013,3985161,792399,77090265,694,138942,4894,524447,1725,421740,6531.56,6524.36,6577,6481.02,632888960,9.5,2.9,68,54.5,27329771,471360,-0.3,-3
11/2/21,13494,3998655,772344,77862609,649,139591,5647,530094,1678,423418,6524.36,6528.72,6554.15,6514.92,538880576,9.5,2.9,68,54.5,27435436,475238,-2.1,-21
12/2/21,15144,4013799,648889,78511498,617,140208,4775,534869,1507,424925,6528.72,6589.79,6589.79,6485.13,480431104,9.5,2.9,68,54.5,27534988,480701,-0.5,-5
13/2/21,13307,4027106,416755,78928253,570,140778,2846,537715,1426,426351,,,,,,9.5,2.9,68,54.5,27619764,484073,-0.8,-8
14/2/21,10972,4038078,409824,79338077,581,141359,1915,539630,1535,427886,,,,,,9.5,2.9,68,54.5,27683608,485154,2.2,22
15/2/21,9765,4047843,480678,79818755,592,141951,6535,546165,1502,429388,6589.79,6756.11,6775.37,6589.79,787812864,9.5,2.9,68,54.5,27738978,486148,7,70
16/2/21,10625,4058468,513164,80331919,551,142502,12412,558577,1492,430880,6756.11,6748.86,6799.92,6736.85,761706432,9.5,2.9,68,54.5,27803379,487855,9,90
17/2/21,12717,4071185,594672,80926591,493,142995,15147,573724,1408,432288,6748.86,6710.9,6760.29,6701.59,704255296,9.5,2.9,68,54.5,27873556,490326,8.4,84
18/2/21,12057,4083242,580563,81507154,507,143502,15867,589591,1335,433623,6710.9,6617.15,6721.76,6591.43,815907584,9.5,2.9,68,54.5,27945430,492951,8.2,82
19/2/21,12027,4095269,539075,82046229,454,143956,15294,604885,1270,434893,6617.15,6624.02,6646.16,6600.59,848160128,9.5,2.9,68,54.5,28023459,495572,7.4,74
20/2/21,10406,4105675,417750,82463979,436,144392,10263,615148,1087,435980,,,,,,9.5,2.9,68,54.5,28093194,497403,10.3,103
21/2/21,9834,4115509,599801,83063780,400,144792,9177,624325,1155,437135,,,,,,9.5,2.9,68,54.5,28148389,498650,10.3,103
22/2/21,10641,4126150,706112,83769892,362,145154,18463,642788,1120,438255,6624.02,6612.24,6624.71,6545.93,730379840,9.5,2.9,68,54.5,28207856,500104,8.3,83
23/2/21,8489,4134639,622452,84392344,366,145520,26317,669105,1119,439374,6612.24,6625.94,6675.42,6555.88,1047851328,9.5,2.9,68,54.5,28279654,502432,8.7,87
24/2/21,9938,4144577,761197,85153541,353,145873,31613,700718,1021,440395,6625.94,6658.97,6669.86,6572.28,1073553600,9.5,2.9,68,54.5,28353782,505642,11.3,113
25/2/21,9985,4154562,771500,85925041,331,146204,35319,736037,970,441365,6658.97,6651.96,6702.88,6644.68,844470464,9.5,2.9,68,54.5,28431585,508107,8.6,86
26/2/21,8523,4163085,629663,86554704,292,146496,32773,768810,863,442228,6651.96,6483.43,6651.96,6465.57,1249522176,9.5,2.9,68,54.5,28509857,510283,5.7,57
27/2/21,7434,4170519,395823,86950527,297,146793,27322,796132,740,442968,,,,,,9.5,2.9,68,54.5,28572550,511850,5.7,57
28/2/21,6035,4176554,546361,87496888,264,147057,19684,815816,770,443738,,,,,,9.5,2.9,68,54.5,28623470,512979,5.4,54
1/3/21,5455,4182009,767709,88264597,282,147339,28282,844098,822,444560,6483.43,6588.53,6612.74,6483.43,689287424,12.1,2.8,37,116.3,28680149,514404,4.3,43
2/3/21,6391,4188400,729881,88994478,236,147575,51314,895412,833,445393,6588.53,6613.75,6660.82,6560.91,650800896,12.1,2.8,37,116.3,28737939,515710,4.1,41
3/3/21,6385,4194785,892541,89887019,207,147782,68450,963862,713,446106,6613.75,6675.47,6705.3,6613.75,927111424,12.1,2.8,37,116.3,28804654,518079,3.8,38
4/3/21,6573,4201358,1046041,90933060,223,148005,70206,1034068,704,446810,6675.47,6650.88,6675.47,6581.19,868515520,12.1,2.8,37,116.3,28872014,520028,4.1,41
5/3/21,5946,4207304,1011395,91944455,210,148215,56772,1090840,598,447408,6650.88,6630.52,6710.8,6560.79,1007090688,12.1,2.8,37,116.3,28937753,522511,3.7,37
6/3/21,6039,4213343,483185,92427640,201,148416,31562,1122402,637,448045,,,,,,12.1,2.8,37,116.3,28994354,523970,2.8,28
7/3/21,5177,4218520,824552,93252192,190,148606,20241,1142643,537,448582,,,,,,12.1,2.8,37,116.3,29034690,524652,2.6,26
8/3/21,4712,4223232,1610933,94863125,189,148795,38788,1181431,576,449158,6630.52,6719.13,6726.4,6612.74,945534528,12.1,2.8,37,116.3,29133209,525467,5.1,51
9/3/21,5766,4228998,1488990,96352115,181,148976,72922,1254353,579,449737,6719.13,6730.34,6786.8,6689.9,920980288,12.1,2.8,37,116.3,29189072,527352,6.3,63
10/3/21,5926,4234924,1666303,98018418,151,149127,97162,1351515,567,450304,6730.34,6725.6,6740.77,6677.02,657783552,12.1,2.8,37,116.3,29247574,528829,8,80
11/3/21,6753,4241677,1735501,99753919,156,149283,93563,1445078,549,450853,6725.6,6736.96,6755.32,6699.34,696148928,12.1,2.8,37,116.3,29310263,530351,8.2,82
12/3/21,6609,4248286,1521649,101275568,125,149408,87676,1532754,481,451334,6736.96,6761.47,6766.44,6709,688190272,12.1,2.8,37,116.3,29374443,532058,6.5,65
13/3/21,5534,4253820,472143,101747711,124,149532,52155,1584909,461,451795,,,,,,12.1,2.8,37,116.3,29424168,533904,6.2,62
14/3/21,4618,4258438,991815,102739526,119,149651,25371,1610280,426,452221,,,,,,12.1,2.8,37,116.3,29462200,534476,6.3,63
15/3/21,5089,4263527,1683353,104422879,127,149778,53366,1663646,499,452720,6761.47,6749.7,6804.91,6723.67,654375872,12.1,2.8,37,116.3,29519341,535227,8.3,83
16/3/21,5294,4268821,1426876,105849755,103,149881,95799,1759445,440,453160,6749.7,6803.61,6812.78,6749.64,833357888,12.1,2.8,37,116.3,29573782,536472,10.2,102
17/3/21,5758,4274579,1735192,107584947,102,149983,119609,1879054,446,453606,6803.61,6762.67,6805.73,6753.82,827066112,12.1,2.8,37,116.3,29632723,537649,6.8,68
18/3/21,6303,4280882,1575060,109160007,78,150061,132016,2011070,449,454055,6762.67,6779.68,6791.76,6740.53,809436992,12.1,2.8,37,116.3,29693583,539207,6.5,65
19/3/21,4802,4285684,1020121,110180128,55,150116,125725,2136795,381,454436,6779.68,6708.71,6779.68,6664.56,1796648064,12.1,2.8,37,116.3,29754181,540720,8,80
20/3/21,5587,4291271,504713,110684841,,,91977,2228772,361,454797,,,,,,12.1,2.8,37,116.3,29808812,541493,8.2,82
21/3/21,5312,4296583,1917800,112602641,,,52612,2281384,356,455153,,,,,,12.1,2.8,37,116.3,29843049,541937,8.2,82
22/3/21,5342,4301925,1328016,113930657,,,82300,2363684,360,455513,6708.71,6726.1,6732.67,6650.96,745159744,12.1,2.8,37,116.3,29897707,542587,6.2,62
23/3/21,5379,4307304,910668,114841325,,,169155,2532839,363,455876,6726.1,6699.19,6726.1,6664.76,823862400,12.1,2.8,37,116.3,29954506,543479,7.5,75
24/3/21,5604,4312908,1863630,116704955,,,242642,2775481,347,456223,6699.19,6712.89,6722.61,6649.37,907715392,12.1,2.8,37,116.3,30034341,545070,8.9,89
25/3/21,6220,4319128,1439089,118144044,,,234382,3009863,338,456561,6712.89,6674.83,6729.92,6618.61,735497024,12.1,2.8,37,116.3,30103835,546340,8.6,86
26/3/21,6187,4325315,759193,118903237,,,283654,3293517,297,456858,6674.83,6740.59,6742.14,6674.83,709894144,12.1,2.8,37,116.3,30178591,547600,8.5,85
27/3/21,3865,4329180,500948,119404185,,,238861,3532378,267,457125,,,,,,12.1,2.8,37,116.3,30239205,548380,6.2,62
28/3/21,3862,4333042,1667678,121071863,,,147594,3679972,273,457398,,,,,,12.1,2.8,37,116.3,30284115,548867,9.6,96
29/3/21,4654,4337696,1020519,122092382,,,168230,3848202,,,6740.59,6736.17,6758.78,6705.42,619836672,12.1,2.8,37,116.3,30354909,549552,13,130
30/3/21,4040,4341736,731826,122824208,,,277682,4125884,,,6736.17,6772.12,6792.23,6729.46,654363968,12.1,2.8,37,116.3,30416970,550500,12.1,121
31/3/21,4052,4345788,1322990,124147198,,,387574,4513458,,,6772.12,6713.63,6775.67,6713.63,837940608,12.1,2.8,37,116.3,30485232,551638,14.3,143
1/4/21,4478,4350266,,,,,445416,4958874,,,6713.63,6737.3,6766.52,6713.63,588526528,,,,,30562856,552593,,
2/4/21,3402,4353668,,,,,246631,5205505,,,,,,,,,,,,30631700,553554,,
3/4/21,3423,4357091,,,,,176240,5381745,,,,,,,,,,,,,,,